City_ID,City,Lat,Lng,Max Temp,Humidity,Cloudiness,Wind Speed,Country,Date
0,west island,-12.1568,96.8225,28.77,70,94,8.27,CC,1709076724
1,puerto natales,-51.7236,-72.4875,12.11,74,100,4.25,CL,1709076725
2,port-aux-francais,-49.35,70.2167,8.66,96,99,11.19,TF,1709076726
3,college,64.8569,-147.8028,-14.0,50,75,1.54,US,1709076727
4,yellowknife,62.456,-114.3525,-23.66,84,0,3.6,CA,1709076729
5,hermanus,-34.4187,19.2345,18.78,73,0,8.24,ZA,1709076730
6,bairnsdale,-37.8333,147.6167,27.25,61,17,0.45,AU,1709076731
7,port isabel,26.0734,-97.2086,28.02,69,0,8.23,US,1709076732
8,blackmans bay,-43.0167,147.3167,23.07,56,94,1.55,AU,1709076734
9,cedar city,37.6775,-113.0619,7.54,29,0,2.57,US,1709076735
10,kruisfontein,-34.0033,24.7314,16.6,86,4,2.34,ZA,1709076736
11,naracoorte,-36.9579,140.7383,33.98,15,96,9.23,AU,1709076738
12,olonkinbyen,70.9221,-8.7187,-1.91,97,99,10.24,SJ,1709076739
13,emkhomazi,-30.2067,30.7978,19.28,75,79,2.16,ZA,1709076740
14,strezhevoy,60.7333,77.5889,-6.13,94,100,5.81,RU,1709076741
15,albany,42.6001,-73.9662,13.84,60,68,2.24,US,1709076743
16,lenoir,35.2335,-77.6497,17.18,88,100,5.66,US,1709076745
17,jamestown,42.097,-79.2353,12.77,88,92,3.13,US,1709076746
18,lensk,60.7253,114.9278,-29.26,95,14,2.0,RU,1709076747
19,afaahiti,-17.75,-149.2833,28.92,77,39,3.38,PF,1709076749
20,bathsheba,13.2167,-59.5167,26.34,73,20,5.14,BB,1709076751
21,kalmunai,7.4167,81.8167,25.6,85,98,4.81,LK,1709076753
22,waitangi,-43.9535,-176.5597,16.57,90,97,1.79,NZ,1709076755
23,arraial do cabo,-22.9661,-42.0278,24.98,88,20,5.14,BR,1709076756
24,anadyr,64.75,177.4833,-24.72,75,67,10.0,RU,1709076757
25,avarua,-21.2078,-159.775,29.03,79,35,2.06,CK,1709076759
26,igarka,67.4667,86.5833,-11.22,94,100,8.13,RU,1709076760
27,chiras,35.4167,65.9823,-3.83,92,100,3.28,AF,1709076761
28,sann,26.0418,68.1378,16.68,49,7,3.73,PK,1709076762
29,invercargill,-46.4,168.35,12.23,84,99,1.34,NZ,1709076763
30,adamstown,-25.066,-130.1015,26.46,73,90,2.82,PN,1709076765
31,bredasdorp,-34.5322,20.0403,17.22,75,2,6.81,ZA,1709076766
32,ketchikan,55.3422,-131.6461,-0.01,93,100,6.69,US,1709076768
33,shingu,33.7333,135.9833,7.72,51,4,1.52,JP,1709076769
34,tiksi,71.6872,128.8694,-20.1,85,70,15.97,RU,1709076770
35,vorgashor,67.5833,63.95,-4.27,96,100,5.47,RU,1709076771
36,tura,25.5198,90.2201,14.89,40,99,1.06,IN,1709076772
37,hasaki,35.7333,140.8333,7.94,46,1,6.77,JP,1709076773
38,ilulissat,69.2167,-51.1,-15.99,85,20,0.0,GL,1709076776
39,isafjordur,66.0755,-23.124,-6.14,85,100,4.48,IS,1709076777
40,cabo san lucas,22.8909,-109.9124,29.61,61,40,4.63,MX,1709076778
41,san patricio,28.017,-97.5169,29.05,68,86,6.27,US,1709076779
42,choyr,46.3611,108.3611,-26.62,88,34,3.25,MN,1709076780
43,melfi,40.9965,15.6514,9.72,72,100,2.27,IT,1709076781
44,hamilton,39.1834,-84.5333,18.76,76,100,7.72,US,1709076653
45,tindouf,27.6711,-8.1474,15.25,38,0,5.14,DZ,1709076784
46,extrema,-22.8547,-46.3183,20.75,94,92,1.31,BR,1709076785
47,badger,64.8,-147.5333,-14.05,57,40,1.54,US,1709076787
48,port elizabeth,-33.918,25.5701,18.16,81,20,3.09,ZA,1709076788
49,santa terezinha,-29.9002,-50.0904,23.87,91,96,3.45,BR,1709076791
50,grytviken,-54.2811,-36.5092,-0.81,65,7,3.25,GS,1709076793
51,new plymouth,-39.0667,174.0833,19.62,71,7,2.74,NZ,1709076769
52,imperatriz,-5.5264,-47.4917,23.79,96,100,0.96,BR,1709076798
53,turbat,26.0023,63.044,18.76,55,67,1.97,PK,1709076799
54,edinburgh of the seven seas,-37.0676,-12.3116,15.35,64,67,5.12,SH,1709076800
55,ola,59.5833,151.2833,-21.68,88,26,1.74,RU,1709076803
56,tazacorte,28.629,-17.9293,18.54,65,75,5.66,ES,1709076806
57,odienne,9.51,-7.5692,28.46,44,54,1.69,CI,1709076807
58,zeya,53.75,127.2667,-18.06,96,100,1.42,RU,1709076809
59,hithadhoo,-0.6,73.0833,27.39,76,100,1.77,MV,1709076813
60,fort st. john,56.2499,-120.8529,-20.06,71,75,6.17,CA,1709076714
61,vilyuchinsk,52.9306,158.4028,-11.85,67,100,1.55,RU,1709076817
62,shimoda,34.6667,138.95,10.2,57,43,1.1,JP,1709076523
63,toliara,-23.35,43.6667,26.27,88,4,4.65,MG,1709076820
64,champerico,14.3,-91.9167,33.3,63,1,4.35,GT,1709076822
65,bethel,41.3712,-73.414,11.31,76,0,4.63,US,1709076823
66,barra dos coqueiros,-10.9089,-37.0386,28.01,83,20,3.09,BR,1709076824
67,kralendijk,12.15,-68.2667,26.99,74,20,6.17,BQ,1709076826
68,arteche,12.2645,125.4048,26.41,68,24,6.55,PH,1709076827
69,krasnyy chikoy,50.3643,108.7512,-18.04,96,100,2.25,RU,1709076828
70,bubaque,11.2833,-15.8333,25.62,66,31,7.65,GW,1709076829
71,longyearbyen,78.2186,15.6401,-1.09,80,100,9.26,SJ,1709076831
72,hermantown,46.8069,-92.2383,-7.83,71,100,10.29,US,1709076833
73,charters towers,-20.1,146.2667,26.6,80,100,5.29,AU,1709076835
74,kourou,5.1552,-52.6478,26.03,72,18,3.5,GF,1709076836
75,fallsburg,41.732,-74.6013,10.46,85,99,4.07,US,1709076837
76,howrah,22.5892,88.3103,22.0,68,40,3.6,IN,1709076569
77,ostersund,63.1792,14.6357,0.9,74,100,7.2,SE,1709076840
78,alice springs,-23.7,133.8833,30.75,51,61,4.63,AU,1709076841
79,pechora,65.1472,57.2244,-4.3,98,100,2.04,RU,1709076844
80,nadym,65.5333,72.5167,-8.18,99,97,4.16,RU,1709076845
81,st. john's,47.5649,-52.7093,0.5,87,75,12.35,CA,1709076846
82,muang phon-hong,18.4928,102.4172,21.63,73,20,0.2,LA,1709076847
83,badagry,6.4167,2.8833,27.74,88,79,4.07,NG,1709076848
84,ribeira grande,38.5167,-28.7,16.54,72,35,4.47,PT,1709076850
85,port mathurin,-19.6833,63.4167,25.39,77,32,5.09,MU,1709076851
86,ushuaia,-54.8,-68.3,11.81,82,75,2.06,AR,1709076852
87,xai-xai,-25.0519,33.6442,23.38,70,82,5.54,MZ,1709076853
88,benghazi,32.1167,20.0667,16.85,43,58,10.66,LY,1709076855
89,sitka,57.0531,-135.33,0.94,69,100,8.75,US,1709076856
90,kunashak,55.7032,61.5498,-2.71,72,100,4.32,RU,1709076857
91,port lincoln,-34.7333,135.8667,21.52,69,52,10.16,AU,1709076858
92,codajas,-3.8367,-62.0569,23.89,89,99,0.28,BR,1709076859
93,puerto ayora,-0.7393,-90.3518,28.08,84,87,7.15,EC,1709076861
94,iqaluit,63.7506,-68.5145,-26.84,68,75,6.71,CA,1709076862
95,margaret river,-33.95,115.0667,15.55,68,99,2.72,AU,1709076863
96,constantia,44.1833,28.65,6.5,86,46,2.94,RO,1709076664
97,kayangel,8.0823,134.7173,27.21,83,98,10.92,PW,1709076865
98,bayan,46.0833,127.4,-8.46,94,99,2.07,CN,1709076867
99,bonthe,7.5264,-12.505,26.07,92,26,2.43,SL,1709076868
100,port shepstone,-30.7414,30.455,20.34,72,72,1.9,ZA,1709076869
101,berdigestyakh,62.0989,126.6992,-31.16,100,100,1.21,RU,1709076871
102,stanley,54.868,-1.6985,4.04,86,0,4.63,GB,1709076872
103,amos,48.5669,-78.1162,3.71,100,100,4.27,CA,1709076873
104,borogontsy,62.6683,131.1683,-32.1,100,100,0.76,RU,1709076874
105,kalamata,37.0389,22.1142,13.95,80,20,2.57,GR,1709076876
106,colonia,50.9333,6.95,4.38,89,75,1.03,DE,1709076639
107,sao vicente,-23.9631,-46.3919,34.1,26,98,0.45,BR,1709076768
108,papatowai,-46.5619,169.4708,12.78,80,96,1.65,NZ,1709076880
109,udachny,66.4167,112.4,-17.53,84,100,2.42,RU,1709076881
110,tianpeng,30.9866,103.9393,6.26,77,94,1.4,CN,1709076882
111,salinopolis,-0.6136,-47.3561,25.75,87,100,4.35,BR,1709076884
112,egilsstadir,65.2653,-14.3948,-4.05,68,75,3.6,IS,1709076885
113,hassi messaoud,31.6804,6.0729,12.92,35,0,4.63,DZ,1709076886
114,non thai,15.1981,102.0358,26.66,67,2,3.15,TH,1709076888
115,vila franca do campo,37.7167,-25.4333,13.23,83,20,2.5,PT,1709076889
116,parkes,-33.1333,148.1833,30.75,45,24,4.02,AU,1709076890
117,xiaoweizhai,26.1903,107.5125,3.23,87,100,1.02,CN,1709076892
118,puerto baquerizo moreno,-0.9,-89.6,26.86,73,83,5.51,EC,1709076764
119,lashio,22.9333,97.75,13.29,80,2,0.61,MM,1709076896
120,vilyuysk,63.7553,121.6247,-27.78,100,34,2.24,RU,1709076897
121,fengcheng,40.4536,124.0717,-0.86,71,56,1.24,CN,1709076898
122,morehead city,34.7229,-76.726,16.01,86,100,4.12,US,1709076900
123,portland,45.5234,-122.6762,8.03,90,100,4.12,US,1709076504
124,dodge city,37.7528,-100.0171,6.14,43,0,14.4,US,1709076904
125,mil'kovo,55.6078,37.7956,-3.78,91,89,3.76,RU,1709076905
126,khandyga,62.6667,135.6,-30.8,100,100,0.89,RU,1709076907
127,carmaux,44.051,2.158,6.15,90,100,6.31,FR,1709076908
128,klyuchi,52.2667,79.1667,-13.45,98,91,3.18,RU,1709076910
129,xapuri,-10.6517,-68.5044,23.61,98,79,1.16,BR,1709076912
130,necochea,-38.5473,-58.7368,20.01,89,0,2.27,AR,1709076914
131,talnakh,69.4865,88.3972,-10.44,94,100,5.74,RU,1709076915
132,marica,-22.9194,-42.8186,27.97,92,90,5.11,BR,1709076917
133,punta arenas,-53.15,-70.9167,13.06,82,75,5.66,CL,1709076747
134,crane,31.3974,-102.3501,25.41,22,100,11.61,US,1709076919
135,ingeniero jacobacci,-41.3427,-69.5448,18.47,48,100,9.16,AR,1709076921
136,basco,20.4487,121.9702,23.43,69,81,7.02,PH,1709076923
137,al 'amarah,31.8406,47.1396,14.46,37,100,1.41,IQ,1709076927
138,nuevitas,21.5453,-77.2644,23.46,74,23,5.72,CU,1709076928
139,meadow lakes,61.6247,-149.6011,-4.84,62,0,2.57,US,1709076929
140,thompson,55.7435,-97.8558,-20.91,49,0,4.63,CA,1709076756
141,togur,58.3631,82.8265,-13.25,94,100,2.68,RU,1709076932
142,nemuro,43.3236,145.575,-5.04,75,100,13.7,JP,1709076933
143,sassandra,4.95,-6.0833,26.41,92,96,2.16,CI,1709076934
144,sao joao da barra,-21.6403,-41.0511,24.05,94,11,3.13,BR,1709076935
145,sabha,27.0377,14.4283,19.35,16,0,6.14,LY,1709076936
146,barakani,-12.1356,44.4317,27.93,76,99,2.41,KM,1709076938
147,georgetown,5.4112,100.3354,26.96,74,20,2.57,MY,1709076939
148,hood river,45.7054,-121.5215,8.37,81,100,3.13,US,1709076730
149,nar'yan-mar,67.6713,53.087,-4.94,94,72,5.36,RU,1709076942
150,port alfred,-33.5906,26.891,18.08,73,20,5.39,ZA,1709076944
151,lebu,-37.6167,-73.65,15.76,87,77,2.8,CL,1709076946
152,laguna,38.421,-121.4238,18.05,37,0,7.72,US,1709076947
153,horta,38.5333,-28.6333,16.12,72,40,4.47,PT,1709076948
154,tralee,52.2704,-9.7026,5.77,89,100,2.44,IE,1709076950
155,dudinka,69.4058,86.1778,-10.21,92,100,9.38,RU,1709076951
156,camargo,27.6667,-105.1667,26.95,13,100,9.98,MX,1709076954
157,shitanjing,39.2342,106.3439,-6.86,50,100,1.79,CN,1709076956
158,arquitecto tomas romero pereira,-26.4833,-55.25,23.07,98,97,1.13,PY,1709076958
159,khombole,14.7667,-16.7,21.45,62,0,5.19,SN,1709076959
160,posse,-14.0931,-46.3694,22.01,78,93,0.8,BR,1709076961
161,emerald,-23.5333,148.1667,27.97,59,43,7.45,AU,1709076963
162,pilar,-9.5972,-35.9567,27.96,81,57,2.11,BR,1709076933
163,mangrol,21.1167,70.1167,22.78,40,0,4.99,IN,1709076966
164,severo-yeniseyskiy,60.3725,93.0408,-18.57,97,100,2.68,RU,1709076967
165,ust-nera,64.5667,143.2,-30.89,97,59,1.85,RU,1709076969
166,cockburn town,21.4612,-71.1419,24.06,77,31,9.52,TC,1709076970
167,yokadouma,3.5167,15.05,23.59,46,3,0.28,CM,1709076972
168,raja,8.4596,25.678,25.72,20,100,1.89,SS,1709076973
169,kyosai,34.8503,128.5886,-0.02,64,55,3.85,KR,1709076975
170,bilibino,68.0546,166.4372,-28.04,96,100,1.19,RU,1709076976
171,ulsteinvik,62.3432,5.8487,6.5,83,57,8.05,NO,1709076977
172,juneau,58.3019,-134.4197,-4.77,88,100,7.2,US,1709076978
173,ancud,-41.8697,-73.8203,13.79,97,81,4.53,CL,1709076934
174,kodiak,57.79,-152.4072,-0.27,64,40,10.8,US,1709076820
175,puerto san jose,13.9256,-90.8244,27.69,60,1,3.27,GT,1709076982
176,geraldton,-28.7667,114.6,17.23,77,16,3.6,AU,1709076983
177,gobabis,-22.45,18.9667,25.63,39,77,2.68,NA,1709076984
178,linqiong,30.4159,103.4609,6.9,83,100,1.91,CN,1709076986
179,dul'durga,50.6761,113.5931,-21.39,89,100,2.04,RU,1709076987
180,shache,38.4167,77.2406,0.57,53,74,2.02,CN,1709076988
181,al kharijah,25.4514,30.5464,14.44,36,0,3.35,EG,1709076989
182,ploudalmezeau,48.5333,-4.65,10.71,100,100,2.06,FR,1709076991
183,yaren,-0.5472,166.916,28.85,78,100,6.63,NR,1709076992
184,qaqortoq,60.7167,-46.0333,-3.85,97,100,2.55,GL,1709076993
185,kirakira,-10.4544,161.9205,28.47,80,100,2.03,SB,1709076994
186,carnarvon,-24.8667,113.6333,25.15,72,0,8.06,AU,1709076995
187,lompoc,34.6391,-120.4579,19.32,69,0,5.66,US,1709076996
188,correntina,-13.3433,-44.6367,24.54,72,95,1.57,BR,1709076998
189,juan griego,11.0817,-63.9655,21.07,100,26,8.23,VE,1709077000
190,happy valley-goose bay,53.3168,-60.3315,-7.83,57,20,2.06,CA,1709077001
191,san pedro pochutla,15.7333,-96.4667,29.84,58,0,3.44,MX,1709077002
192,phumi veal sre,10.9808,104.7783,24.3,80,44,1.16,KH,1709077004
193,kismayo,-0.3582,42.5454,27.65,81,14,5.67,SO,1709077005
194,leiyang,26.4024,112.8591,4.33,93,100,0.79,CN,1709077007
195,tintafor,8.6267,-13.215,29.09,79,6,4.12,SL,1709077008
196,machico,32.7,-16.7667,17.35,71,40,10.29,PT,1709077009
197,kuqa,41.7278,82.9364,-1.28,60,91,2.94,CN,1709077011
198,haiku-pauwela,20.9219,-156.3051,24.59,65,40,6.69,US,1709077012
199,polovinnoye,54.7914,65.9864,-10.07,81,59,4.01,RU,1709077014
200,fortaleza,-3.7227,-38.5247,26.23,94,75,1.03,BR,1709077015
201,woolgoolga,-30.1106,153.2007,28.91,63,47,2.85,AU,1709077017
202,wailua homesteads,22.0669,-159.378,26.24,69,75,8.23,US,1709077019
203,el nido,11.1858,119.3956,26.13,75,15,9.69,PH,1709077021
204,codrington,-38.2667,141.9667,30.38,23,100,7.87,AU,1709077023
205,whitehorse,60.7161,-135.0538,-13.28,68,100,6.71,CA,1709076429
206,polur,12.5,79.1333,21.02,94,22,1.44,IN,1709077026
207,samana,19.2056,-69.3369,23.98,89,7,3.34,DO,1709077028
208,alamos,27.0167,-108.9333,25.25,24,100,1.66,MX,1709077029
209,pangody,65.85,74.4859,-8.24,100,100,2.15,RU,1709077030
210,lospalos,-8.5186,127.0025,25.68,81,92,4.19,TL,1709077032
211,mana,5.6592,-53.7767,25.58,70,1,4.27,GF,1709077033
212,utrik,11.2278,169.8474,27.03,76,93,7.32,MH,1709077035
213,bria,6.5423,21.9863,26.31,30,72,1.17,CF,1709077036
214,papayal,-4.0761,-80.7361,25.34,77,99,2.1,PE,1709077038
215,fale old settlement,-9.3852,-171.2468,28.33,79,81,7.84,TK,1709077039
216,yanchep,-31.55,115.6833,20.53,46,94,4.42,AU,1709077041
217,acapulco de juarez,16.8634,-99.8901,29.9,62,0,4.63,MX,1709076849
218,dawson creek,55.7666,-120.2362,-18.2,50,20,4.12,CA,1709077044
219,mournies,35.4764,24.0092,15.46,94,75,2.57,GR,1709077045
220,aasiaat,68.7098,-52.8699,-22.67,100,92,3.04,GL,1709077047
221,kribi,2.95,9.9167,27.38,89,5,3.86,CM,1709077048
222,tapes,-30.6733,-51.3958,23.38,89,91,4.2,BR,1709077050
223,letlhakeng,-24.0944,25.0298,19.36,75,0,4.92,BW,1709077051
224,atafu village,-8.5421,-172.5159,29.42,75,31,7.36,TK,1709077053
225,tangalle,6.024,80.7911,24.28,85,100,4.24,LK,1709077054
226,ocos,14.5094,-92.1933,31.1,63,0,4.07,GT,1709077056
227,kailua-kona,19.6406,-155.9956,26.27,75,0,3.09,US,1709077057
228,lihue,21.9789,-159.3672,26.58,68,75,8.23,US,1709077059
229,tughyl,47.7252,84.2063,-16.76,97,99,2.23,KZ,1709077060
230,tazovsky,67.4667,78.7,-6.31,96,100,3.21,RU,1709077061
231,greymouth,-42.4667,171.2,20.42,60,1,3.74,NZ,1709077063
232,faya-largeau,17.9257,19.1043,23.26,13,49,5.98,TD,1709077064
233,nuku'alofa,-21.1333,-175.2,28.19,100,75,1.54,TO,1709077066
234,conde,-7.2597,-34.9075,24.7,94,0,2.06,BR,1709077067
235,hollidaysburg,40.4273,-78.3889,12.04,74,100,0.0,US,1709077068
236,montagu,-40.7667,144.9667,18.81,85,100,9.3,AU,1709077070
237,sinabang,2.4803,96.3801,26.99,81,97,0.76,ID,1709077072
238,filadelfia,39.9523,-75.1638,13.33,87,100,4.12,US,1709076979
239,chonchi,-42.6128,-73.8092,17.56,99,73,1.38,CL,1709077075
240,tippi,7.2,35.45,24.27,48,98,0.87,ET,1709077076
241,highland,34.1283,-117.2086,19.72,71,100,1.54,US,1709076897
242,pakuranga,-36.8833,174.9167,23.51,60,20,1.54,NZ,1709077079
243,tasqala,51.1167,50.3167,-17.6,95,75,1.22,KZ,1709077080
244,taoudenni,22.6783,-3.9836,24.0,13,0,4.64,ML,1709077082
245,petropavlovsk-kamchatsky,53.0452,158.6483,-12.9,72,20,3.13,RU,1709077084
246,undurkhaan,47.3194,110.6556,-25.48,97,95,1.48,MN,1709077085
247,rundu,-17.9333,19.7667,19.65,83,97,1.88,NA,1709077086
248,sandnessjoen,66.0217,12.6316,2.29,79,100,10.44,NO,1709077089
249,khandud,36.9513,72.318,-10.87,91,100,0.76,AF,1709077091
250,suva,-18.1416,178.4415,31.71,66,40,2.06,FJ,1709076858
251,nuuk,64.1835,-51.7216,-6.66,68,75,4.12,GL,1709077094
252,sakakah,29.9697,40.2064,9.76,44,42,3.39,SA,1709077095
253,archangelos,36.2149,28.1149,14.06,77,57,2.94,GR,1709077097
254,antanifotsy,-19.65,47.3167,16.68,98,100,1.07,MG,1709077102
255,nova sintra,14.8667,-24.7167,20.24,76,72,2.28,CV,1709077105
256,shengli,37.4564,118.4856,2.44,56,100,1.51,CN,1709077107
257,coquimbo,-29.9533,-71.3436,19.85,77,20,4.63,CL,1709077108
258,san antonio de pale,-1.4014,5.6325,28.07,78,52,1.53,GQ,1709077109
259,ugoofaaru,5.6667,73.0,28.01,79,100,5.91,MV,1709077110
260,bondo,3.8146,23.6866,22.88,70,55,1.28,CD,1709077112
261,sibiti,-3.6819,13.3499,21.58,98,16,0.76,CG,1709077113
262,enewetak,11.3474,162.3373,26.92,81,91,6.26,MH,1709077115
263,atchison,39.563,-95.1216,8.33,51,1,11.67,US,1709077117
264,ulladulla,-35.35,150.4667,26.03,63,2,4.24,AU,1709077118
265,mersin,36.862,34.6509,11.01,61,2,1.57,TR,1709077120
266,san felipe,10.3399,-68.7425,21.51,92,53,2.13,VE,1709077121
267,hailey,43.5196,-114.3153,-3.44,47,85,5.81,US,1709077122
268,les cayes,18.2,-73.75,25.08,76,57,1.3,HT,1709077124
269,mount pearl,47.5166,-52.7813,0.04,87,75,12.35,CA,1709077125
270,yarmouth,41.7057,-70.2286,10.63,85,0,4.63,US,1709077126
271,nguigmi,14.2495,13.1092,26.1,24,9,3.54,NE,1709077127
272,cururupu,-1.8283,-44.8683,23.34,99,100,1.68,BR,1709077129
273,hawaiian paradise park,19.5933,-154.9731,24.73,77,75,5.66,US,1709077131
274,gniezno,52.5348,17.5826,7.44,93,100,2.24,PL,1709077132
275,prado,-17.3411,-39.2208,25.25,90,39,1.79,BR,1709077134
276,bandipura,34.4167,74.65,1.03,68,90,2.98,IN,1709077135
277,churapcha,62.0025,132.4325,-30.34,100,100,0.54,RU,1709077137
278,matoury,4.8483,-52.3317,25.98,78,0,1.03,GF,1709077138
279,roxborough park,39.4739,-105.0853,0.42,75,90,5.52,US,1709077140
280,usinsk,65.9939,57.5281,0.04,97,100,8.49,RU,1709077141
281,praia da vitoria,38.7333,-27.0667,15.98,77,75,2.76,PT,1709077142
282,martuk,50.7475,56.5056,-15.46,87,37,0.49,KZ,1709077144
283,eureka,40.8021,-124.1637,14.26,59,78,4.47,US,1709077112
284,brookings,44.3114,-96.7984,-12.53,76,75,10.8,US,1709077147
285,hadibu,12.65,54.0333,24.68,74,78,2.6,YE,1709077148
286,shinas,24.7433,56.4658,21.14,68,0,0.47,OM,1709077149
287,mount gambier,-37.8333,140.7667,31.2,19,100,7.21,AU,1709077151
288,soran,49.78,72.8506,-8.73,96,100,2.24,KZ,1709077152
289,escanaba,45.7453,-87.0646,8.62,100,100,2.06,US,1709076983
290,davutlar,37.733,27.2944,14.68,81,41,1.9,TR,1709077156
291,poxoreo,-15.8372,-54.3892,25.09,64,98,1.41,BR,1709077157
292,boa vista,2.8197,-60.6733,32.99,33,40,3.6,BR,1709077158
293,cidreira,-30.1811,-50.2056,23.45,90,97,5.22,BR,1709077160
294,burutu,5.3509,5.5076,27.5,87,48,2.88,NG,1709077161
295,baicheng,45.6167,122.8167,-10.24,73,16,3.61,CN,1709077163
296,howard springs,-12.497,131.047,29.93,92,69,3.21,AU,1709077164
297,kudahuvadhoo,2.6708,72.8944,27.37,80,100,4.57,MV,1709077165
298,belmonte,-15.8631,-38.8828,25.75,88,60,2.26,BR,1709077167
299,kamaishi,39.2667,141.8833,2.69,70,14,1.66,JP,1709077168
300,taro,-8.3862,115.28,22.0,88,72,0.74,ID,1709077170
301,mossel bay,-34.1831,22.146,14.96,78,0,8.29,ZA,1709077171
302,i-n-salah,27.1935,2.4607,15.48,26,0,6.22,DZ,1709077173
303,brisas de zicatela,15.8369,-97.0419,29.29,70,75,4.63,MX,1709077174
304,namtsy,62.7161,129.6658,-33.69,100,100,0.58,RU,1709077176
305,shalya,57.2471,58.7298,-9.01,72,65,5.19,RU,1709077177
306,buka,40.8108,69.1986,2.64,87,100,1.69,UZ,1709077178
307,korsakov,46.6328,142.7813,-13.09,74,41,3.92,RU,1709077180
308,santa luzia,-19.7697,-43.8514,27.5,67,0,2.57,BR,1709077182
309,lazaro cardenas,17.9583,-102.2,26.0,71,12,4.19,MX,1709077184
310,uliastay,47.7417,96.8444,-29.02,88,40,3.06,MN,1709077185
311,kingscliff,-28.2667,153.5667,29.85,69,42,3.6,AU,1709077186
312,princeville,45.7668,-61.2985,2.82,90,75,4.12,CA,1709077188
313,atamanovka,51.93,113.63,-20.39,97,100,1.12,RU,1709077189
314,guerrero negro,27.9769,-114.0611,19.05,58,100,1.82,MX,1709077191
315,mount isa,-20.7333,139.5,27.87,78,75,4.12,AU,1709077192
316,dapa,9.7594,126.0531,25.95,81,77,8.5,PH,1709077195
317,verkhnevilyuysk,63.4453,120.3167,-25.03,97,20,2.64,RU,1709077196
318,novohrad-volynskyi,50.5941,27.6165,3.81,71,100,3.77,UA,1709077198
319,yuzhno-kurilsk,44.0306,145.8556,-3.68,85,100,15.04,RU,1709077200
320,saipan,15.1355,145.701,28.39,61,20,6.17,MP,1709077201
321,casper,42.8666,-106.3131,-6.27,68,20,2.57,US,1709076937
322,abeche,13.8292,20.8324,26.91,12,65,5.31,TD,1709077205
323,castillos,-34.1667,-53.8333,21.28,95,23,2.03,UY,1709077206
324,vernon,50.2581,-119.2691,-1.5,35,72,0.51,CA,1709077133
325,maneromango,-7.1988,38.7848,22.0,84,100,1.43,TZ,1709077209
326,ma'rib,15.4591,45.3253,21.61,44,18,2.29,YE,1709077210
327,kodinsk,58.6881,99.1844,-22.55,100,100,1.42,RU,1709077221
328,papao,-17.75,-149.55,29.81,78,20,4.22,PF,1709077222
329,collinwood,35.1743,-87.7373,23.15,69,100,7.01,US,1709077224
330,la'ie,21.6477,-157.9253,27.98,73,5,6.26,US,1709077225
331,saint-philippe,-21.3585,55.7679,22.77,73,38,4.02,RE,1709077226
332,mejit,10.2753,170.8646,27.21,79,92,7.02,MH,1709077228
333,creel,27.75,-107.6333,12.39,24,69,8.64,MX,1709077229
334,oltinko'l,40.8011,72.1634,3.18,89,100,0.37,UZ,1709077231
335,prnjavor,44.8703,17.6628,7.59,78,70,0.95,BA,1709077234
336,rio grande,-32.035,-52.0986,23.06,89,100,4.81,BR,1709077235
337,jieshi,22.8134,115.8257,16.15,81,100,8.23,CN,1709077237
338,san carlos,9.6612,-68.5827,28.83,51,69,3.03,VE,1709077238
339,alofi,-19.0595,-169.9187,29.94,79,40,3.09,NU,1709077240
340,high rock,26.6208,-78.2833,22.01,61,3,4.92,BS,1709077241
341,caruthersville,36.1931,-89.6556,24.12,68,100,3.58,US,1709077243
342,halfway,39.6207,-77.7589,13.84,80,20,6.17,US,1709077244
343,conduaga,8.862,117.4893,27.05,66,77,2.03,PH,1709077256
344,el calafate,-50.3408,-72.2768,12.69,77,71,4.51,AR,1709077040
345,itoman,26.1247,127.6694,20.61,68,75,5.14,JP,1709077259
346,axim,4.8699,-2.2405,26.66,91,30,1.95,GH,1709077260
347,inarajan village,13.2736,144.7484,28.55,76,54,7.38,GU,1709077262
348,vila do maio,15.1333,-23.2167,23.44,75,84,4.72,CV,1709077265
349,aden,12.7794,45.0367,25.31,75,45,6.2,YE,1709077266
350,puerto carreno,6.189,-67.4859,34.99,41,20,3.09,CO,1709077268
351,argostolion,38.1811,20.489,15.41,72,100,4.2,GR,1709077272
352,goundam,16.4145,-3.6708,26.93,9,0,3.82,ML,1709077274
353,sola,-13.8833,167.55,28.57,72,87,3.33,VU,1709077275
354,wick,58.4333,-3.0833,5.03,75,8,4.63,GB,1709077049
355,swakopmund,-22.6833,14.5333,17.47,89,9,1.34,NA,1709077278
356,dzilam gonzalez,21.2833,-88.9333,24.68,65,1,2.54,MX,1709077280
357,al ghayzah,16.2079,52.176,24.05,78,59,2.92,YE,1709077281
358,mutuipe,-13.2286,-39.5047,22.39,98,55,1.01,BR,1709077283
359,carahue,-38.7,-73.1667,16.51,82,92,1.47,CL,1709077285
360,apodi,-5.6642,-37.7989,24.44,93,100,2.04,BR,1709077238
361,baran,25.1,76.5167,16.47,35,0,2.12,IN,1709077287
362,lethem,3.3803,-59.7968,31.09,42,70,5.35,GY,1709077289
363,mar del plata,-38.0023,-57.5575,22.75,80,0,2.24,AR,1709077176
364,puning,23.3107,116.1687,14.39,77,100,2.21,CN,1709077291
365,san miguel,13.4833,-88.1833,38.78,22,0,3.6,SV,1709077293
366,ishigaki,24.3448,124.1572,16.07,94,75,1.54,JP,1709077294
367,bonny,4.4522,7.1681,28.4,83,54,4.37,NG,1709077297
368,port blair,11.6667,92.75,25.02,94,17,0.51,IN,1709077298
369,qashyr,53.0675,76.1036,-10.95,98,100,2.68,KZ,1709077299
370,christchurch,-43.5333,172.6333,17.73,87,100,6.69,NZ,1709077267
371,rakops,-21.0167,24.3333,21.77,65,20,8.01,BW,1709077302
372,nova vicosa,-17.8919,-39.3719,25.68,89,29,2.99,BR,1709077303
373,luderitz,-26.6481,15.1594,17.39,81,1,1.16,NA,1709077306
374,saldanha,-33.0117,17.9442,24.03,48,0,5.84,ZA,1709077307
375,tallkalakh,34.6684,36.2599,8.08,57,1,3.66,SY,1709077309
376,calderitas,18.55,-88.25,27.06,65,0,5.66,MX,1709077311
377,essaouira,31.5125,-9.77,13.72,50,40,5.14,MA,1709077312
378,jinchang,38.4953,102.1739,-6.3,81,87,1.05,CN,1709077313
379,warman,52.3168,-106.5679,-20.62,58,100,4.12,CA,1709077315
380,lincoln,40.8,-96.667,-3.58,58,51,5.81,US,1709077272
381,kibara,-2.15,33.45,20.25,83,100,3.15,TZ,1709077317
382,holualoa,19.6228,-155.9522,24.32,77,0,3.09,US,1709077319
383,pacasmayo,-7.4006,-79.5714,24.61,75,92,6.42,PE,1709077320
384,ulanhot,46.0833,122.0833,-13.24,67,23,2.66,CN,1709077322
385,chapada dos guimaraes,-15.4606,-55.7497,23.81,60,53,1.01,BR,1709077324
386,kem',64.9555,34.5793,-8.45,96,72,2.5,RU,1709077325
387,machilipatnam,16.1667,81.1333,21.11,80,20,1.61,IN,1709077326
388,oranjemund,-28.55,16.4333,17.73,81,0,1.02,NA,1709077328
389,darwin,-12.4611,130.8418,29.97,83,40,4.12,AU,1709076952
390,zalari,53.5584,102.5065,-25.76,100,97,1.67,RU,1709077330
391,nogliki,51.8333,143.1667,-18.25,97,100,2.34,RU,1709077332
392,kavaratti,10.5669,72.642,27.88,74,74,6.52,IN,1709077333
393,sinop,41.7711,34.8709,7.59,62,0,0.94,TR,1709077334
394,guapore,-28.8456,-51.8903,21.26,99,96,0.25,BR,1709077181
395,ghormach,35.7306,63.7826,-1.9,97,100,1.28,AF,1709077337
396,itaituba,-4.2761,-55.9836,24.31,96,96,0.75,BR,1709077339
397,sao francisco de paula,-29.4481,-50.5836,18.78,100,95,0.69,BR,1709077340
398,salta,-24.7859,-65.4117,20.33,94,75,1.79,AR,1709077278
399,lodja,-3.4833,23.4333,21.09,94,60,0.78,CD,1709077344
400,beaufort west,-32.3567,22.583,13.55,67,0,5.07,ZA,1709077345
401,bel ombre,-4.6167,55.4167,27.91,83,40,3.09,SC,1709077346
402,huruta,8.15,39.35,16.98,51,82,1.55,ET,1709077348
403,yermolayevo,52.7167,55.8,-12.75,81,100,1.35,RU,1709077349
404,acarau,-2.8856,-40.12,24.32,95,100,2.66,BR,1709077351
405,chernyshkovskiy,48.4219,42.2308,-6.68,83,13,3.93,RU,1709077352
406,bengkulu,-3.8004,102.2655,24.75,88,89,2.2,ID,1709077353
407,las tablas,7.7667,-80.2833,25.65,99,1,9.07,PA,1709077282
408,bamboo flat,11.7,92.7167,25.05,94,14,0.51,IN,1709077356
409,walvis bay,-22.9575,14.5053,17.53,88,3,2.29,NA,1709077357
410,patnanungan,14.7833,122.1833,25.63,71,6,9.15,PH,1709077359
411,broken hill,-31.95,141.4333,36.31,13,43,7.8,AU,1709077360
412,solnechnogorsk,56.1833,36.9833,-4.09,94,82,4.34,RU,1709077361
413,portmore,17.9702,-76.8672,28.98,72,20,5.14,JM,1709077363
414,richards bay,-28.783,32.0377,19.77,83,95,3.17,ZA,1709077364
415,dryden,49.7833,-92.7503,-18.84,78,75,4.63,CA,1709077366
416,padangsidempuan,1.3667,99.2667,22.41,96,97,1.64,ID,1709077367
417,colonia menno,-22.3667,-59.8167,32.88,41,82,4.02,PY,1709077370
418,haapsalu,58.9431,23.5414,1.62,95,74,1.33,EE,1709077372
419,kristiansund,63.1115,7.732,7.03,56,40,1.54,NO,1709077260
420,untsukul',42.7115,46.7866,-4.5,55,0,1.28,RU,1709077374
421,fort mcmurray,56.7268,-111.381,-15.23,47,20,3.6,CA,1709077376
422,la sarre,48.8002,-79.1996,2.44,100,100,3.27,CA,1709077377
423,vakhsh,37.7149,68.8346,1.12,93,100,2.0,TJ,1709077379
424,oriximina,-1.7656,-55.8661,24.79,86,49,1.16,BR,1709077380
425,rumbek,6.802,29.6912,29.67,21,91,1.56,SS,1709077382
426,iskateley,67.6803,53.1512,-4.99,94,74,5.36,RU,1709077383
427,maintirano,-18.0667,44.0167,26.91,83,89,1.1,MG,1709077384
428,sitangkai,4.6628,119.3928,27.77,74,97,4.44,PH,1709077386
429,ulan bator,47.9077,106.8832,-29.93,69,69,0.0,MN,1709077361
430,santiago del torno,-17.9833,-63.3833,28.42,81,75,2.24,BO,1709077388
431,guymon,36.6828,-101.4816,9.0,43,0,13.89,US,1709077390
432,weno,7.4515,151.8468,29.97,79,75,5.66,FM,1709077391
433,okhotsk,59.3833,143.3,-23.83,84,13,3.62,RU,1709077392
434,hirara,24.8,125.2833,19.92,88,75,3.09,JP,1709077394
435,faratsiho,-19.4,46.95,15.53,99,100,1.49,MG,1709077395
436,parabel',58.6978,81.4825,-11.35,92,100,5.62,RU,1709077396
437,auki,-8.7676,160.7034,28.74,79,98,1.62,SB,1709077398
438,palikir - national government center,6.9248,158.1611,29.47,84,100,5.14,FM,1709077399
439,jiexiu,37.0244,111.9125,1.85,82,100,1.68,CN,1709077401
440,carolina beach,34.0352,-77.8936,17.82,91,100,7.59,US,1709077403
441,makokou,0.5738,12.8642,24.5,72,11,1.42,GA,1709077405
442,morondava,-20.2833,44.2833,27.69,80,100,1.75,MG,1709077406
443,necocli,8.4234,-76.786,26.16,85,21,4.52,CO,1709077407
444,shalqar,47.8333,59.6,-9.0,90,12,3.61,KZ,1709077409
445,krasnyye barrikady,46.2045,47.8535,-6.02,79,0,3.0,RU,1709077410
446,kapustin yar,48.5831,45.7372,-4.74,72,7,3.34,RU,1709077411
447,rosetta,31.4044,30.4164,15.25,79,40,2.9,EG,1709077413
448,alvaraes,-3.2208,-64.8042,24.93,93,81,1.21,BR,1709077414
449,fort bragg,35.139,-79.006,18.23,66,75,4.63,US,1709077415
450,saline,34.6501,-92.6835,22.94,80,100,6.74,US,1709077417
451,sur,22.5667,59.5289,23.52,79,2,3.06,OM,1709077418
452,westport,41.1415,-73.3579,11.36,83,0,0.45,US,1709077420
453,port saint john's,-31.6229,29.5448,19.66,77,99,1.54,ZA,1709077421
454,xining,36.6167,101.7667,-7.55,89,99,0.83,CN,1709077423
455,pisco,-13.7,-76.2167,24.03,83,0,10.8,PE,1709077424
456,pitimbu,-7.4706,-34.8086,25.33,81,47,2.68,BR,1709077426
457,south hedland,-20.4089,118.5983,29.96,84,56,4.12,AU,1709077427
458,temiskaming shores,47.4938,-79.7153,2.89,95,100,5.11,CA,1709077429
459,kangding,30.0513,101.9603,3.47,68,13,2.32,CN,1709077430
460,hobyo,5.3505,48.5268,25.98,73,97,6.58,SO,1709077432
461,tadine,-21.55,167.8833,27.71,77,100,7.06,NC,1709077433
462,salalah,17.0151,54.0924,26.05,73,75,3.09,OM,1709077434
463,ellsworth,44.5434,-68.4195,5.05,94,100,2.57,US,1709077437
464,arkhara,49.4212,130.0842,-12.91,90,100,1.79,RU,1709077440
465,adrar,20.5022,-10.0711,20.64,22,1,5.04,MR,1709077441
466,pemangkat,1.1667,108.9667,25.59,87,96,3.73,ID,1709077443
467,jhang sadr,31.2715,72.3284,11.4,55,12,1.11,PK,1709077444
468,funafuti,-8.5243,179.1942,33.0,79,75,3.09,TV,1709077446
469,salina cruz,16.1667,-95.2,27.72,65,0,4.77,MX,1709077447
470,kone,-21.0595,164.8658,32.17,54,42,3.47,NC,1709077448
471,nouadhibou,20.931,-17.0347,20.99,64,22,10.8,MR,1709077450
472,nizhnesortymskiy,62.4397,71.7603,-4.78,94,100,6.53,RU,1709077451
473,uturoa,-16.7333,-151.4333,28.99,73,58,3.83,PF,1709077453
474,asosa,10.0667,34.5333,22.17,15,83,3.05,ET,1709077454
475,zayed city,24.3768,54.589,21.67,70,0,2.57,AE,1709077455
476,preobrazheniye,42.9019,133.9064,-2.49,51,100,1.75,RU,1709077457
477,ar raqqah,35.95,39.0167,7.48,47,0,3.49,SY,1709077458
478,nongstoin,25.5167,91.2667,10.2,54,100,0.75,IN,1709077460
479,lata,40.1629,-8.3327,5.51,90,40,1.19,PT,1709077461
480,newman,37.3138,-121.0208,18.13,52,9,4.47,US,1709077462
481,cabedelo,-6.9811,-34.8339,25.37,79,71,2.48,BR,1709077464
482,altai,46.3722,96.2583,-24.46,92,71,0.86,MN,1709077465
483,illizi,26.4833,8.4667,16.89,11,0,2.88,DZ,1709077466
484,linxia chengguanzhen,35.6003,103.2064,-4.75,92,100,2.06,CN,1709077468
485,rasskazovo,52.6714,41.9033,-9.69,85,83,3.9,RU,1709077469
486,ciudad lazaro cardenas,17.9583,-102.2,26.0,71,12,4.19,MX,1709077184
487,kununurra,-15.7667,128.7333,27.99,83,75,1.54,AU,1709077473
488,kerikeri,-35.2268,173.9474,24.95,72,73,0.45,NZ,1709077475
489,murghob,38.1702,73.9667,-22.88,94,33,1.48,TJ,1709077476
490,touros,-5.1989,-35.4608,25.69,88,91,3.58,BR,1709077479
491,nagqu,31.5,92.0,-5.37,35,100,7.82,CN,1709077480
492,baardheere,2.3446,42.2764,27.42,62,43,5.65,SO,1709077481
493,broome,42.2506,-75.833,12.21,83,100,7.2,US,1709077483
494,kataba,13.9833,44.3833,15.89,78,1,0.46,YE,1709077484
495,taroa,8.7058,171.2275,27.3,83,58,7.66,MH,1709077485
496,sisimiut,66.9395,-53.6735,-14.41,78,87,3.09,GL,1709077487
497,darhan,49.4867,105.9228,-21.11,96,100,2.77,MN,1709077488
498,north bay,46.3168,-79.4663,9.01,87,75,8.23,CA,1709077396
499,soroti,1.7146,33.6111,20.13,88,98,3.8,UG,1709077492
500,bhola,22.6833,90.65,20.69,39,86,2.2,BD,1709077493
501,keflavik,64.0049,-22.5624,0.24,69,75,6.17,IS,1709077494
502,qamdo,31.1667,97.2333,-8.92,69,98,2.84,CN,1709077496
503,bourbon-lancy,46.6221,3.7695,4.97,88,100,4.04,FR,1709077497
504,tarfaya,27.9358,-12.9218,16.62,71,0,13.99,MA,1709077499
505,petauke,-14.2426,31.3253,18.39,92,98,2.98,ZM,1709077500
506,sabang,5.8933,95.3214,28.37,75,98,8.22,ID,1709077502
507,shushtar,32.0455,48.8567,13.35,47,100,7.58,IR,1709077503
508,glace bay,46.1969,-59.957,2.66,80,75,5.66,CA,1709077505
509,whangarei,-35.7317,174.3239,24.75,47,77,2.09,NZ,1709077427
510,kutum,14.2,24.6667,20.17,15,100,2.91,SD,1709077508
511,hami,42.8,93.45,-4.92,36,87,1.88,CN,1709077509
512,hammerfest,70.6634,23.6821,-0.75,59,0,3.6,NO,1709077511
513,florida,28.7505,-82.5001,21.71,66,0,0.0,US,1709077032
514,senatobia,34.6176,-89.9687,24.47,70,100,1.34,US,1709077515
515,skiatook,36.3684,-96.0014,27.1,38,97,7.6,US,1709077517
516,padang,-0.9492,100.3543,27.03,82,100,1.93,ID,1709077518
517,yeppoon,-23.1333,150.7333,29.88,55,13,6.88,AU,1709077519
518,karachi,24.9056,67.0822,18.9,45,0,2.57,PK,1709077281
519,kavieng,-2.5744,150.7967,29.33,67,91,0.74,PG,1709077522
520,placer,39.0666,-120.7677,12.5,44,12,0.89,US,1709077523
521,panaba,21.2833,-88.2667,27.5,39,1,7.15,MX,1709077525
522,senanga,-16.1167,23.2667,19.39,97,100,2.12,ZM,1709077526
523,tual,-5.6667,132.75,30.57,70,69,4.45,ID,1709077528
524,san fernando,15.0286,120.6898,23.85,60,7,6.33,PH,1709077529
525,kill devil hills,36.0307,-75.676,16.01,80,100,6.69,US,1709077268
526,la passe,45.5549,-0.8967,5.13,83,67,4.46,FR,1709077532
527,puerto armuelles,8.2833,-82.8667,32.99,75,0,3.18,PA,1709077534
528,oamaru,-45.0784,170.9801,13.54,91,98,5.32,NZ,1709077535
529,piti village,13.4626,144.6933,28.5,72,0,5.66,GU,1709077537
530,nema,57.5067,50.5011,-8.48,91,87,3.56,RU,1709077538
531,sumbawa besar,-8.5,117.4333,26.32,88,100,0.77,ID,1709077539
532,mugia,43.1041,-9.2179,9.95,77,100,3.17,ES,1709077541
533,rio san juan,19.6439,-70.0763,22.89,86,25,4.25,DO,1709077542
534,tsimlyansk,47.6461,42.1019,-0.98,53,0,5.27,RU,1709077543
535,springbok,-29.6643,17.8865,24.45,14,0,5.88,ZA,1709077545
536,pucon,-39.2822,-71.9543,17.2,71,98,1.79,CL,1709077530
537,paradsasvar,47.9126,19.9771,9.24,82,99,1.5,HU,1709077556
538,garhi khairo,28.0606,67.9803,16.91,50,29,1.25,PK,1709077557
539,at-bashi,41.1702,75.8106,-12.73,82,92,0.81,KG,1709077559
540,"laikit, laikit ii (dimembe)",1.4792,124.9735,24.47,94,40,1.03,ID,1709077560
541,minas de marcona,-15.2119,-75.1103,18.93,85,100,6.86,PE,1709077566
542,olenegorsk,68.15,33.3,-5.23,92,44,4.32,RU,1709077568
543,zafar,40.9833,68.9,1.75,80,100,1.78,UZ,1709077571
544,mili,6.0815,171.735,28.27,82,73,7.85,MH,1709077572
545,thurso,58.5927,-3.5259,7.14,79,21,10.81,GB,1709077573
546,zhigalovo,54.8097,105.1578,-20.09,100,100,1.32,RU,1709077575
547,biltine,14.5333,20.9167,26.92,12,60,5.52,TD,1709077576
548,northam,51.0333,-4.2167,7.44,96,86,2.15,GB,1709077578
549,san matias,-16.3667,-58.4,27.73,69,59,3.2,BO,1709077580
550,balabac,7.9868,117.0645,27.09,80,97,9.51,PH,1709077581
551,bogale,16.2833,95.4,25.05,61,34,2.29,MM,1709077582
552,manta,-0.95,-80.7333,27.88,89,75,4.47,EC,1709077364
553,bayanhongor,46.7167,100.1167,-32.0,90,16,2.0,MN,1709077585
554,pariaman,-0.619,100.12,27.03,83,100,2.2,ID,1709077586
555,new norfolk,-42.7826,147.0587,24.95,41,92,1.33,AU,1709077588
556,siwa oasis,29.2041,25.5195,14.7,39,0,1.92,EG,1709077589
557,arkhangel'sk,64.5401,40.5433,1.06,100,100,1.0,RU,1709077590
558,bardai,11.65,7.2333,24.27,20,22,2.91,NG,1709077592
559,nabire,-3.3667,135.4833,28.77,72,45,0.36,ID,1709077593
560,tashtyp,52.7939,89.8983,-24.28,99,72,1.27,RU,1709077595
561,sault ste. marie,46.5168,-84.3333,11.31,79,0,3.09,CA,1709077596
562,mata-utu,-13.2816,-176.1745,29.31,76,18,5.31,WF,1709077597
563,dwarka,22.2394,68.9678,22.24,55,0,6.42,IN,1709077599
564,talakan,50.3167,130.3667,-11.7,86,100,1.46,RU,1709077600
565,daru,-9.0763,143.2092,28.44,75,99,2.28,PG,1709077601
566,sao jose da coroa grande,-8.8978,-35.1478,26.89,80,89,3.59,BR,1709077603
567,chinsali,-10.5414,32.0816,17.29,97,99,0.73,ZM,1709077604
568,ustyuzhna,58.8394,36.4321,0.02,96,100,3.97,RU,1709077607
569,selfoss,63.9331,-20.9971,-1.09,73,34,4.26,IS,1709077609
570,quezon,7.7303,125.0989,24.86,74,83,3.14,PH,1709077610
571,buzuluk,52.7807,52.2635,-17.24,94,96,0.89,RU,1709077611
572,yuli,9.6989,10.2744,29.14,25,28,1.95,NG,1709077613
573,changyon,38.2508,125.0961,3.02,77,100,0.5,KP,1709077614
574,mankera,31.3866,71.4407,13.11,48,8,2.33,PK,1709077616
575,port-vila,-17.7338,168.3219,30.78,74,20,4.12,VU,1709077358
576,makueni boma,-1.8041,37.6203,17.5,95,100,2.13,KE,1709077619
577,gadzhiyevo,69.2551,33.3362,-6.42,90,79,6.13,RU,1709077620
578,magong,23.5654,119.5863,18.27,83,100,8.6,TW,1709077621
579,vadso,70.0744,29.7487,-0.91,74,75,10.8,NO,1709077623
580,safi,32.1667,-8.8333,7.85,70,0,6.19,MA,1709077624
581,qarah zia' od din,38.8915,45.0255,-4.52,34,0,0.74,IR,1709077626
582,metsemotlhaba,-24.5514,25.8031,21.07,78,0,3.09,BW,1709077627
583,kuanda,56.3161,116.0806,-33.4,97,86,0.43,RU,1709077629
584,hauterive,46.0901,3.4459,4.86,93,100,4.31,FR,1709077630
585,remire-montjoly,4.9167,-52.2667,26.02,78,0,1.03,GF,1709077633
586,chom bueng,13.62,99.5917,24.03,62,27,0.57,TH,1709077634
587,sao martinho,39.5144,-9.1311,12.29,75,72,6.71,PT,1709077635
588,tuburan,6.6439,122.2736,26.05,71,98,6.09,PH,1709077637
589,gbarnga,6.9956,-9.4722,23.08,97,99,1.14,LR,1709077638
590,belozersk,60.0326,37.7957,0.55,96,100,6.26,RU,1709077639
591,oroqen zizhiqi,50.5667,123.7167,-16.19,92,100,1.04,CN,1709077640
592,es castell,39.8795,4.2854,10.38,76,0,6.17,ES,1709077642
